id,first_name,last_name,email,gender,ip_address
1,Amil,Hamlett,ahamlett0@jiathis.com,Genderqueer,10.64.215.247
2,Erny,Benardette,ebenardette1@yellowbook.com,Male,3.254.118.74
3,Amalia,Lashmore,alashmore2@techcrunch.com,Female,64.73.228.123
4,Reagen,Lorimer,rlorimer3@barnesandnoble.com,Male,178.105.18.170
5,Morty,Stannis,mstannis4@foxnews.com,Male,149.4.201.183
6,Josefa,Powrie,jpowrie5@nps.gov,Female,112.40.134.157
7,Suellen,Marte,smarte6@dell.com,Female,0.19.164.97
8,Alie,Bothe,abothe7@vk.com,Female,6.14.203.237
9,Gwendolyn,Aldam,galdam8@tiny.cc,Female,75.78.139.247
10,Valentin,Bengtsen,vbengtsen9@blogs.com,Male,176.34.121.91
11,Belicia,Magowan,bmagowana@comcast.net,Female,201.247.251.114
12,Carrissa,Cuss,ccussb@slate.com,Female,96.132.186.69
13,Merv,Rosnau,mrosnauc@over-blog.com,Male,101.184.145.162
14,Zelig,Fennelow,zfennelowd@1und1.de,Male,142.9.138.13
15,Thane,Waison,twaisone@sitemeter.com,Male,62.173.195.74
16,Jayson,Kittless,jkittlessf@chicagotribune.com,Male,66.164.199.210
17,Zackariah,Gilder,zgilderg@about.com,Male,113.224.28.25
18,Myranda,Dingsdale,mdingsdaleh@ocn.ne.jp,Genderqueer,137.82.219.8
19,Eduardo,Rutty,eruttyi@phoca.cz,Genderqueer,52.248.128.170
20,Marty,Drohane,mdrohanej@jiathis.com,Male,119.181.82.102
21,Larina,Inge,lingek@apple.com,Female,154.106.78.165
22,Nichole,Adamovicz,nadamoviczl@csmonitor.com,Female,207.91.121.186
23,Gabbie,Mazzey,gmazzeym@ft.com,Male,84.74.14.219
24,Ulrica,Lamshead,ulamsheadn@t.co,Genderqueer,30.217.124.35
25,Sanford,Tolworthie,stolworthieo@si.edu,Male,67.199.110.216
26,Robin,Stoven,rstovenp@naver.com,Female,187.177.11.128
27,Pammy,Carling,pcarlingq@shop-pro.jp,Female,119.71.23.71
28,Sondra,Menier,smenierr@tinypic.com,Female,248.214.75.189
29,Desirae,Stendell,dstendells@simplemachines.org,Female,212.134.138.34
30,Jules,Yerbury,jyerburyt@engadget.com,Male,252.239.125.50
31,Alfonso,Jenicek,ajeniceku@irs.gov,Male,76.35.234.203
32,Richard,Kneel,rkneelv@parallels.com,Genderfluid,92.179.60.90
33,Tymothy,Boatwright,tboatwrightw@mashable.com,Male,254.244.185.71
34,Ossie,Ainsworth,oainsworthx@studiopress.com,Male,119.80.160.69
35,Margaret,Mackieson,mmackiesony@prnewswire.com,Female,159.33.77.36
36,Marylee,Brasher,mbrasherz@marriott.com,Female,193.174.216.117
37,Husein,Woolveridge,hwoolveridge10@arstechnica.com,Male,124.194.223.67
38,Meridith,Besque,mbesque11@dailymail.co.uk,Female,10.138.156.248
39,Bowie,Axford,baxford12@salon.com,Male,201.109.115.70
40,Leicester,Ratnege,lratnege13@nature.com,Male,181.7.116.59
41,Tammara,Lindholm,tlindholm14@whitehouse.gov,Female,162.86.199.38
42,Marietta,Ferrettino,mferrettino15@meetup.com,Female,197.116.92.239
43,Quentin,Delgadillo,qdelgadillo16@mac.com,Non-binary,250.179.187.74
44,Cyndi,Episcopio,cepiscopio17@webeden.co.uk,Female,111.23.34.25
45,Violante,Grenshiels,vgrenshiels18@bloglines.com,Female,78.153.4.144
46,Zena,Halbeard,zhalbeard19@economist.com,Female,154.190.125.12
47,Latashia,Edel,ledel1a@auda.org.au,Female,12.138.102.221
48,Mariette,Dursley,mdursley1b@google.co.uk,Female,214.48.98.57
49,Vincenty,Slatcher,vslatcher1c@ehow.com,Male,45.3.204.149
50,Rivkah,Krink,rkrink1d@163.com,Female,107.155.110.60
51,Marshal,Addison,maddison1e@ca.gov,Male,130.95.187.102
52,Abby,Averall,aaverall1f@usatoday.com,Female,59.70.175.93
53,Francoise,Barrott,fbarrott1g@timesonline.co.uk,Female,122.89.118.225
54,Piper,Laurentin,plaurentin1h@craigslist.org,Female,128.133.136.25
55,Joanna,Mapledoore,jmapledoore1i@csmonitor.com,Female,82.164.0.68
56,Harrison,Baldrick,hbaldrick1j@indiatimes.com,Agender,194.52.74.198
57,Agneta,Oxteby,aoxteby1k@angelfire.com,Female,119.95.23.240
58,Sal,Madine,smadine1l@irs.gov,Male,88.144.57.111
59,Pancho,Gallear,pgallear1m@bloglines.com,Male,169.57.149.15
60,Lindsy,Durdy,ldurdy1n@stumbleupon.com,Female,27.91.68.219
61,Town,Urpeth,turpeth1o@shinystat.com,Male,14.6.182.177
62,Lora,Joffe,ljoffe1p@facebook.com,Female,232.46.31.95
63,Cosimo,Maxworthy,cmaxworthy1q@exblog.jp,Male,233.209.249.13
64,Kissee,Kendrew,kkendrew1r@flickr.com,Female,19.79.233.72
65,Cobbie,Tollet,ctollet1s@vistaprint.com,Male,111.175.122.27
66,Araldo,Brundill,abrundill1t@cam.ac.uk,Male,110.230.210.190
67,Renee,Hallet,rhallet1u@edublogs.org,Genderfluid,147.123.36.115
68,Edouard,Kestin,ekestin1v@army.mil,Male,137.216.76.65
69,Perceval,Duckers,pduckers1w@gravatar.com,Male,47.161.229.171
70,Terri-jo,Docket,tdocket1x@goodreads.com,Genderfluid,192.109.210.33
71,Germain,Minillo,gminillo1y@sina.com.cn,Bigender,180.114.208.0
72,Correna,Newgrosh,cnewgrosh1z@soup.io,Female,27.222.65.22
73,Teador,Pankhurst.,tpankhurst20@prweb.com,Male,2.129.0.182
74,Mylo,Patinkin,mpatinkin21@shop-pro.jp,Male,133.37.69.57
75,Rene,Ranstead,rranstead22@nbcnews.com,Female,245.251.101.233
76,Estevan,Merriman,emerriman23@reddit.com,Male,33.173.151.184
77,Tabby,Robilliard,trobilliard24@sfgate.com,Agender,68.198.202.150
78,Loella,Fanton,lfanton25@ameblo.jp,Female,47.211.116.39
79,Mikaela,Fairburne,mfairburne26@cocolog-nifty.com,Female,12.192.1.193
80,Forest,Kubasiewicz,fkubasiewicz27@census.gov,Male,11.216.174.96
81,Maryrose,Noden,mnoden28@livejournal.com,Female,47.119.45.225
82,Charlena,Spackman,cspackman29@usatoday.com,Female,235.204.5.151
83,Leon,Allcoat,lallcoat2a@blogspot.com,Male,126.107.181.11
84,Carling,Doget,cdoget2b@wsj.com,Male,212.98.116.219
85,Steven,Pinsent,spinsent2c@globo.com,Male,52.32.112.77
86,Morie,Murname,mmurname2d@sitemeter.com,Male,101.23.126.158
87,Warden,Duffill,wduffill2e@studiopress.com,Male,64.136.238.7
88,Jerri,Andric,jandric2f@rakuten.co.jp,Male,138.119.3.16
89,Stanly,Cockerell,scockerell2g@ft.com,Male,7.208.153.63
90,Fania,Kilbourn,fkilbourn2h@bbc.co.uk,Genderfluid,200.205.78.205
91,Fidel,Linstead,flinstead2i@mail.ru,Male,101.43.199.139
92,Dino,Nye,dnye2j@xinhuanet.com,Male,137.172.153.55
93,Tome,Perago,tperago2k@imgur.com,Male,255.229.120.20
94,Dru,Capron,dcapron2l@cocolog-nifty.com,Male,52.201.189.190
95,Elfrieda,Whittet,ewhittet2m@marriott.com,Female,138.198.22.129
96,Melamie,Derill,mderill2n@walmart.com,Female,111.248.244.13
97,Hayyim,Boagey,hboagey2o@disqus.com,Male,198.20.219.85
98,Osborne,Greeve,ogreeve2p@economist.com,Male,0.34.190.18
99,Dieter,Haire,dhaire2q@sitemeter.com,Bigender,254.34.79.50
100,Marley,Campagne,mcampagne2r@cmu.edu,Female,193.61.224.123
101,Andrus,Denniss,adenniss2s@ning.com,Male,227.81.94.143
102,Clint,Cousens,ccousens2t@gmpg.org,Male,65.79.42.112
103,Shelia,Broe,sbroe2u@constantcontact.com,Female,177.83.98.153
104,Salomi,Horsted,shorsted2v@google.de,Female,242.90.58.118
105,Tim,Shrubb,tshrubb2w@bloglovin.com,Male,116.82.144.107
106,Marysa,Papa,mpapa2x@rambler.ru,Female,181.216.33.207
107,Brittaney,Murrow,bmurrow2y@princeton.edu,Genderfluid,180.137.157.26
108,Emalee,Konerding,ekonerding2z@canalblog.com,Female,65.67.143.12
109,Coreen,Sambrok,csambrok30@angelfire.com,Female,49.81.65.94
110,Paloma,Matfield,pmatfield31@tripod.com,Female,104.168.6.22
111,Allyn,Imesson,aimesson32@imgur.com,Male,2.236.193.62
112,Karlotta,Laven,klaven33@reuters.com,Female,201.136.85.118
113,Kirby,Hugonnet,khugonnet34@xrea.com,Non-binary,124.126.35.232
114,Celene,Colloff,ccolloff35@foxnews.com,Female,184.229.79.38
115,Archer,Cashley,acashley36@mysql.com,Male,231.249.39.168
116,Cate,Fine,cfine37@google.com.br,Female,95.207.104.114
117,Emmett,Bucksey,ebucksey38@a8.net,Male,249.135.220.105
118,Ellary,Negus,enegus39@tumblr.com,Male,222.115.216.37
119,Berkeley,Brock,bbrock3a@abc.net.au,Male,246.123.10.0
120,Gerardo,Lathan,glathan3b@geocities.jp,Male,219.158.203.60
121,Jodi,Brabben,jbrabben3c@dell.com,Male,245.124.163.189
122,Raffaello,Matthiae,rmatthiae3d@soundcloud.com,Male,142.142.127.24
123,Marietta,Beauvais,mbeauvais3e@sciencedaily.com,Male,224.114.176.165
124,Hagen,Poad,hpoad3f@wikia.com,Male,55.115.155.252
125,Brenda,Gorelli,bgorelli3g@pcworld.com,Female,243.115.11.212
126,Ginevra,McKevin,gmckevin3h@imdb.com,Female,99.126.3.248
127,Britney,Bullar,bbullar3i@un.org,Bigender,215.75.187.89
128,Robbert,Kleisel,rkleisel3j@seesaa.net,Male,153.93.60.230
129,Tamarah,FitzGilbert,tfitzgilbert3k@diigo.com,Female,108.54.48.253
130,Kenny,Quibell,kquibell3l@gnu.org,Male,49.222.181.198
131,Lindsay,Desforges,ldesforges3m@artisteer.com,Male,21.112.180.79
132,Nikita,Davidwitz,ndavidwitz3n@virginia.edu,Male,32.21.54.155
133,Dewie,Binder,dbinder3o@barnesandnoble.com,Male,74.192.152.198
134,Chaddie,Trevains,ctrevains3p@wordpress.org,Male,71.154.232.208
135,Audra,Darmody,adarmody3q@ftc.gov,Female,139.51.99.2
136,Bernelle,Officer,bofficer3r@nydailynews.com,Female,169.15.4.84
137,Rosina,Monnelly,rmonnelly3s@instagram.com,Female,28.189.164.165
138,Natividad,Szubert,nszubert3t@tuttocitta.it,Polygender,134.43.21.245
139,Evita,Terbrug,eterbrug3u@google.co.jp,Female,136.196.187.236
140,Abbey,Boorer,aboorer3v@diigo.com,Agender,69.105.152.203
141,Eudora,Prettyjohns,eprettyjohns3w@unesco.org,Female,230.127.196.85
142,Teodoro,Growden,tgrowden3x@google.pl,Bigender,124.32.12.6
143,Aurora,Yeldon,ayeldon3y@parallels.com,Female,206.69.53.255
144,Berkie,Iskowitz,biskowitz3z@mapquest.com,Male,180.166.39.78
145,Curtis,Lanney,clanney40@businesswire.com,Male,88.55.12.190
146,Hammad,Waddam,hwaddam41@bloglovin.com,Male,31.214.142.252
147,Dallas,Shieldon,dshieldon42@netscape.com,Female,31.164.88.65
148,Davidson,Shadfourth,dshadfourth43@soup.io,Male,239.251.128.226
149,Reuven,Sedgwick,rsedgwick44@nytimes.com,Male,100.151.136.127
150,Elroy,Buckthorp,ebuckthorp45@walmart.com,Male,100.159.98.206
151,Antons,Pain,apain46@sciencedirect.com,Male,92.86.223.123
152,Ben,Januszewicz,bjanuszewicz47@japanpost.jp,Male,187.13.153.142
153,Noreen,Yeld,nyeld48@goo.gl,Polygender,216.115.120.244
154,Wilhelm,Reimer,wreimer49@walmart.com,Male,30.78.41.155
155,Melva,Leavesley,mleavesley4a@icq.com,Female,68.141.0.242
156,Maude,Grenfell,mgrenfell4b@hatena.ne.jp,Female,245.164.242.174
157,Kit,Armfirld,karmfirld4c@wp.com,Male,143.160.73.202
158,Phoebe,Allderidge,pallderidge4d@berkeley.edu,Female,212.198.86.117
159,Babara,Zorzin,bzorzin4e@sciencedirect.com,Female,27.115.117.244
160,Erminia,Rigts,erigts4f@i2i.jp,Female,154.51.26.31
161,Hetty,Fetherstan,hfetherstan4g@ifeng.com,Female,245.171.55.64
162,Fergus,Coverly,fcoverly4h@nhs.uk,Male,105.64.31.109
163,Hermann,Ayce,hayce4i@uol.com.br,Male,10.9.225.109
164,Joli,Murfett,jmurfett4j@myspace.com,Female,205.171.180.69
165,Abigail,Marlen,amarlen4k@intel.com,Female,57.166.133.33
166,Mace,Gopsell,mgopsell4l@creativecommons.org,Male,105.118.42.238
167,Selena,Caffin,scaffin4m@altervista.org,Female,218.22.8.241
168,Dilly,Puig,dpuig4n@technorati.com,Male,232.99.4.123
169,Galven,Quinane,gquinane4o@bluehost.com,Male,202.0.152.173
170,Mill,O'Kenny,mokenny4p@bbb.org,Male,211.27.207.17
171,Francyne,Gascoyen,fgascoyen4q@imgur.com,Polygender,159.54.191.0
172,Wallie,Lawlie,wlawlie4r@newsvine.com,Male,166.91.93.188
173,Isa,Louden,ilouden4s@multiply.com,Non-binary,204.119.85.76
174,Brande,Crilly,bcrilly4t@creativecommons.org,Agender,9.158.33.20
175,Nannie,Limrick,nlimrick4u@nydailynews.com,Female,108.200.92.193
176,Leigha,Baggs,lbaggs4v@stumbleupon.com,Female,189.11.16.188
177,Denver,MacLice,dmaclice4w@dailymail.co.uk,Male,220.136.205.196
178,Suki,Bande,sbande4x@marriott.com,Non-binary,254.39.204.188
179,Gaby,Bounde,gbounde4y@nps.gov,Male,122.229.102.97
180,Mandi,Hambatch,mhambatch4z@oakley.com,Genderfluid,68.239.169.131
181,Kellby,Saffon,ksaffon50@geocities.com,Male,47.113.164.198
182,Arden,Qualtrough,aqualtrough51@github.com,Genderqueer,160.88.184.72
183,Tessy,Antonov,tantonov52@oakley.com,Female,32.124.209.32
184,Franny,MacKereth,fmackereth53@google.co.jp,Male,14.210.78.53
185,Edythe,Medwell,emedwell54@google.ru,Female,5.172.81.162
186,Mariele,Seymark,mseymark55@indiegogo.com,Female,75.179.232.249
187,Deck,Sheehy,dsheehy56@aboutads.info,Male,196.131.115.176
188,Bekki,Maccrae,bmaccrae57@walmart.com,Female,91.207.141.16
189,Luelle,Maudlin,lmaudlin58@vkontakte.ru,Genderqueer,170.230.98.225
190,Timothea,Tockell,ttockell59@ucla.edu,Female,67.40.38.222
191,Lucias,Matz,lmatz5a@ihg.com,Male,126.185.171.184
192,Ede,Gulliver,egulliver5b@illinois.edu,Female,90.138.105.85
193,Dyanne,De Gouy,ddegouy5c@netlog.com,Female,241.67.228.50
194,Florentia,Tallach,ftallach5d@hp.com,Female,28.171.18.55
195,Caro,Bener,cbener5e@so-net.ne.jp,Genderfluid,216.209.121.219
196,Perrine,Swindon,pswindon5f@drupal.org,Bigender,68.5.231.32
197,Maddy,Blaxeland,mblaxeland5g@who.int,Male,49.167.74.80
198,Evin,Beecheno,ebeecheno5h@loc.gov,Male,104.113.115.203
199,Quintin,Berkowitz,qberkowitz5i@a8.net,Male,91.106.102.78
200,Stacie,Darville,sdarville5j@t.co,Female,22.164.217.92
201,Dulcie,Bapty,dbapty5k@yale.edu,Female,189.195.214.245
202,Belinda,Winch,bwinch5l@ovh.net,Female,157.160.172.204
203,Corabel,Huguenet,chuguenet5m@topsy.com,Female,39.68.203.234
204,Cameron,O'Glessane,coglessane5n@csmonitor.com,Male,87.115.169.31
205,Adey,Fellgate,afellgate5o@home.pl,Female,173.34.57.255
206,Chickie,Instrell,cinstrell5p@virginia.edu,Male,108.70.230.174
207,Bastien,Jewster,bjewster5q@elpais.com,Male,238.128.210.75
208,Nathanael,McAw,nmcaw5r@webmd.com,Male,123.205.192.136
209,Matthiew,Swanbourne,mswanbourne5s@amazonaws.com,Male,149.166.5.155
210,Robyn,Beebis,rbeebis5t@symantec.com,Female,1.62.128.131
211,Margeaux,Thorns,mthorns5u@mayoclinic.com,Female,171.226.182.62
212,Eilis,Tallquist,etallquist5v@huffingtonpost.com,Genderqueer,113.1.243.65
213,Oswell,Dreamer,odreamer5w@patch.com,Male,239.49.94.154
214,Deborah,Assinder,dassinder5x@businessweek.com,Female,165.85.192.15
215,Inge,La Wille,ilawille5y@wikipedia.org,Female,177.138.57.149
216,Ambrosio,Milvarnie,amilvarnie5z@instagram.com,Male,107.68.9.24
217,Isidor,Snashall,isnashall60@nytimes.com,Male,50.12.200.3
218,Klarrisa,MacRannell,kmacrannell61@ezinearticles.com,Female,191.202.115.22
219,Alecia,Foffano,afoffano62@noaa.gov,Female,66.31.134.242
220,Vikky,Le-Good,vlegood63@com.com,Female,39.40.201.235
221,Elle,McConville,emcconville64@webs.com,Female,8.232.57.164
222,Kelcey,Redsall,kredsall65@google.nl,Female,105.140.229.114
223,Gian,Littlejohns,glittlejohns66@nationalgeographic.com,Male,176.22.103.166
224,Napoleon,Allcott,nallcott67@nature.com,Male,56.100.69.54
225,Becca,Ensor,bensor68@imgur.com,Female,141.160.134.253
226,Melina,Cazereau,mcazereau69@slate.com,Female,86.232.242.17
227,Ingrid,Handlin,ihandlin6a@comcast.net,Female,217.200.90.118
228,Trisha,Eydel,teydel6b@fastcompany.com,Female,102.249.160.30
229,Alaster,Gilfillan,agilfillan6c@state.gov,Male,92.13.126.205
230,Lacee,Sheekey,lsheekey6d@unicef.org,Female,216.125.169.120
231,Sharon,Naul,snaul6e@dell.com,Female,205.220.83.93
232,Jessey,Kobke,jkobke6f@seattletimes.com,Male,168.126.128.156
233,L;urette,Danzig,ldanzig6g@homestead.com,Female,17.148.241.240
234,Frederic,Jeratt,fjeratt6h@chron.com,Male,66.148.175.41
235,Christyna,Ducket,cducket6i@cpanel.net,Female,38.153.239.81
236,Raffarty,Flieg,rflieg6j@etsy.com,Male,29.188.163.2
237,Emmaline,Puddifer,epuddifer6k@dion.ne.jp,Female,174.5.254.186
238,Adolph,Shillington,ashillington6l@hibu.com,Male,61.91.16.227
239,Baily,Fruchter,bfruchter6m@nsw.gov.au,Genderqueer,151.219.24.231
240,Konstantin,Matasov,kmatasov6n@clickbank.net,Male,171.5.206.43
241,Isak,Henzer,ihenzer6o@google.co.uk,Male,131.216.79.7
242,Jonis,Sharer,jsharer6p@360.cn,Female,78.142.35.192
243,Layne,Twyford,ltwyford6q@gov.uk,Female,163.221.17.119
244,Kaleena,Havoc,khavoc6r@slashdot.org,Female,202.200.41.106
245,Tersina,McConnal,tmcconnal6s@un.org,Female,116.223.239.115
246,Adrea,Lammerich,alammerich6t@sbwire.com,Female,19.37.57.151
247,Daffi,Gerrish,dgerrish6u@paginegialle.it,Female,132.54.79.130
248,Loutitia,Cashley,lcashley6v@ed.gov,Female,162.105.104.162
249,Dill,Rable,drable6w@jiathis.com,Male,135.84.158.249
250,Nolly,Palatini,npalatini6x@ihg.com,Genderqueer,9.16.245.98
251,Vikki,Milne,vmilne6y@hatena.ne.jp,Female,169.227.203.245
252,Norah,Georgelin,ngeorgelin6z@vistaprint.com,Female,246.41.27.102
253,Trudi,Rany,trany70@webs.com,Female,24.27.157.161
254,Elsa,Swinburn,eswinburn71@github.io,Female,209.137.215.127
255,Genna,Emmatt,gemmatt72@shop-pro.jp,Female,176.88.228.47
256,Becca,Gover,bgover73@techcrunch.com,Female,162.215.253.151
257,Valeria,Iczokvitz,viczokvitz74@google.es,Female,82.109.149.110
258,Erda,Triggle,etriggle75@addtoany.com,Non-binary,202.87.122.196
259,Mora,Chritchley,mchritchley76@epa.gov,Non-binary,87.174.38.221
260,Pen,McNern,pmcnern77@123-reg.co.uk,Genderfluid,50.75.200.157
261,Darill,Bootman,dbootman78@google.co.jp,Male,229.246.183.25
262,Bellina,Scarce,bscarce79@barnesandnoble.com,Female,246.58.53.101
263,Karyn,Huntingdon,khuntingdon7a@w3.org,Bigender,119.245.235.130
264,Reilly,Yaknov,ryaknov7b@uol.com.br,Male,45.226.142.251
265,Farleigh,Oven,foven7c@huffingtonpost.com,Male,79.53.94.218
266,Vivien,Autie,vautie7d@4shared.com,Female,75.97.145.189
267,Kendell,Pepperill,kpepperill7e@ucoz.ru,Male,5.174.115.4
268,Dotti,Bazell,dbazell7f@foxnews.com,Female,247.174.123.82
269,Claudine,Liptrot,cliptrot7g@google.fr,Female,244.217.144.50
270,Ricard,Jedrych,rjedrych7h@google.cn,Male,106.244.165.226
271,Aretha,Bocking,abocking7i@jugem.jp,Female,103.156.154.48
272,Bren,Risson,brisson7j@etsy.com,Male,204.180.236.229
273,Teirtza,Squibe,tsquibe7k@intel.com,Female,188.197.239.101
274,Wolfy,Bridywater,wbridywater7l@alexa.com,Agender,20.21.140.143
275,Garrott,Southwick,gsouthwick7m@state.tx.us,Male,39.36.150.163
276,Lotte,D'Ambrogio,ldambrogio7n@wix.com,Female,174.0.79.142
277,Angelica,Joscelin,ajoscelin7o@newsvine.com,Female,208.40.111.238
278,Willetta,Shakesbye,wshakesbye7p@sciencedaily.com,Female,253.13.86.129
279,Rowen,Gothup,rgothup7q@skype.com,Male,107.245.46.172
280,Merwyn,Jermy,mjermy7r@blogspot.com,Male,210.175.148.80
281,Rolland,Klass,rklass7s@army.mil,Genderfluid,113.51.252.82
282,Adler,Vassman,avassman7t@unc.edu,Agender,100.65.47.165
283,Uriah,Segge,usegge7u@cbslocal.com,Male,166.160.118.205
284,Tammara,Lewton,tlewton7v@usgs.gov,Female,9.3.162.56
285,Raine,Pickerell,rpickerell7w@infoseek.co.jp,Female,23.159.35.203
286,Morgana,Bisterfeld,mbisterfeld7x@soup.io,Female,83.247.133.12
287,Gan,Gonsalvez,ggonsalvez7y@sourceforge.net,Male,179.253.169.197
288,Lauri,Gudyer,lgudyer7z@yale.edu,Bigender,63.239.189.244
289,Cassondra,Voaden,cvoaden80@4shared.com,Female,3.178.174.222
290,Camile,Lotte,clotte81@yahoo.co.jp,Female,135.158.53.63
291,Cory,Salazar,csalazar82@google.pl,Male,139.137.9.56
292,Fin,John,fjohn83@nih.gov,Male,245.72.82.64
293,Zebulen,Franzewitch,zfranzewitch84@hostgator.com,Male,195.199.218.63
294,Giffie,Cordeau],gcordeau85@wunderground.com,Male,224.150.17.85
295,Devlen,Sturzaker,dsturzaker86@admin.ch,Male,77.230.202.102
296,Mignon,Skim,mskim87@home.pl,Non-binary,170.122.19.3
297,Thorvald,Swinbourne,tswinbourne88@github.com,Male,96.49.104.123
298,Brooks,Aggs,baggs89@yale.edu,Male,165.3.104.157
299,Ariadne,Garnham,agarnham8a@skype.com,Female,36.245.56.18
300,Pete,Gorry,pgorry8b@scientificamerican.com,Male,218.154.159.253
301,Kathlin,Keeffe,kkeeffe8c@imdb.com,Female,80.253.230.133
302,Joann,Zammett,jzammett8d@livejournal.com,Female,249.19.72.39
303,Frances,Richel,frichel8e@sogou.com,Female,170.129.187.241
304,Esmaria,Dovington,edovington8f@usatoday.com,Female,232.4.216.60
305,Brigid,Swetland,bswetland8g@ameblo.jp,Female,154.169.55.168
306,Ashlee,Depke,adepke8h@seesaa.net,Female,198.111.254.149
307,Alwyn,Towndrow,atowndrow8i@mlb.com,Male,125.131.11.117
308,Elga,Emerton,eemerton8j@freewebs.com,Female,8.134.116.165
309,Delmore,Alford,dalford8k@alexa.com,Genderfluid,144.215.45.0
310,Shanna,McMurray,smcmurray8l@google.com.au,Female,61.120.127.88
311,Saul,Serjent,sserjent8m@mail.ru,Male,160.129.59.29
312,Prudence,Iacavone,piacavone8n@furl.net,Female,221.208.68.176
313,Arleen,Oles,aoles8o@reddit.com,Female,184.167.107.242
314,Celeste,Strawbridge,cstrawbridge8p@bluehost.com,Female,141.104.232.96
315,Veronique,Rosenwald,vrosenwald8q@geocities.com,Female,177.83.43.86
316,Gilberta,Haslen,ghaslen8r@chron.com,Female,121.191.111.40
317,Celestyn,Leppingwell,cleppingwell8s@linkedin.com,Female,107.58.117.175
318,Enrico,Spaight,espaight8t@shutterfly.com,Male,196.144.73.103
319,Bruis,Orry,borry8u@amazon.de,Male,8.168.186.102
320,Gabriell,Senton,gsenton8v@ycombinator.com,Female,193.5.185.207
321,Sal,Madgwich,smadgwich8w@yelp.com,Male,86.87.29.93
322,Brandon,Bratley,bbratley8x@liveinternet.ru,Male,69.196.93.80
323,Jena,Prestage,jprestage8y@infoseek.co.jp,Female,100.215.150.25
324,Logan,Keston,lkeston8z@google.com.br,Male,97.48.54.136
325,Claudia,Dmitrienko,cdmitrienko90@cmu.edu,Female,106.161.214.62
326,Kessiah,Izchaki,kizchaki91@miitbeian.gov.cn,Female,141.161.13.24
327,Suzanne,Raatz,sraatz92@naver.com,Female,168.73.7.44
328,Carmen,Pyson,cpyson93@mac.com,Female,7.122.62.7
329,Brad,Philippou,bphilippou94@springer.com,Male,203.175.109.216
330,Madonna,Jorczyk,mjorczyk95@icio.us,Female,222.105.144.128
331,Gussie,Puckring,gpuckring96@ebay.com,Non-binary,246.189.20.153
332,Willyt,Stevani,wstevani97@unc.edu,Female,122.87.67.1
333,Marline,Heaphy,mheaphy98@bbc.co.uk,Female,8.75.194.63
334,Annmarie,Haldon,ahaldon99@pinterest.com,Female,201.130.165.106
335,Baxy,Boniface,bboniface9a@nydailynews.com,Male,247.253.194.182
336,Norry,Grieger,ngrieger9b@google.com.au,Male,129.164.37.191
337,Brewer,Tace,btace9c@barnesandnoble.com,Male,46.202.238.139
338,Pen,Monroe,pmonroe9d@last.fm,Male,246.91.55.44
339,Archibaldo,Sauter,asauter9e@wp.com,Male,109.113.185.238
340,Brewster,Tufts,btufts9f@purevolume.com,Male,211.164.180.145
341,Gerard,Kenward,gkenward9g@youtu.be,Male,76.148.65.245
342,Dion,Courtman,dcourtman9h@hatena.ne.jp,Male,155.94.138.186
343,Keefe,Knibb,kknibb9i@google.cn,Male,70.95.92.24
344,Barbie,Pattisson,bpattisson9j@craigslist.org,Female,109.244.61.102
345,Goldie,O'Heagertie,goheagertie9k@netvibes.com,Female,11.89.225.107
346,Alexia,MacCall,amaccall9l@4shared.com,Female,161.168.251.188
347,Kipp,Seel,kseel9m@typepad.com,Genderqueer,133.195.143.169
348,Nikolaus,Robez,nrobez9n@google.it,Male,31.222.53.106
349,Tremayne,Tremayne,ttremayne9o@state.tx.us,Male,17.88.138.241
350,Marena,Moorton,mmoorton9p@yahoo.com,Female,201.125.51.145
351,Alva,Labroue,alabroue9q@fema.gov,Male,59.183.97.167
352,Benedicto,Dufore,bdufore9r@un.org,Male,16.8.74.150
353,Nicolais,Jorcke,njorcke9s@w3.org,Male,17.96.145.102
354,Stace,Thompson,sthompson9t@mit.edu,Female,183.143.75.157
355,Katya,Saturley,ksaturley9u@prnewswire.com,Female,229.246.59.160
356,Pyotr,Virgo,pvirgo9v@imdb.com,Male,78.121.218.122
357,Lizzy,Maria,lmaria9w@yandex.ru,Non-binary,187.8.208.226
358,Addie,Oslar,aoslar9x@howstuffworks.com,Female,30.55.8.33
359,Patricio,Augustus,paugustus9y@hud.gov,Male,173.30.84.22
360,Kristine,Inker,kinker9z@time.com,Female,229.113.16.46
361,Syman,Kingswood,skingswooda0@cam.ac.uk,Male,78.189.16.105
362,Ruperto,O'Hannay,rohannaya1@reddit.com,Male,3.34.197.184
363,Van,Josipovic,vjosipovica2@youtube.com,Male,220.138.202.172
364,Patrizio,Harms,pharmsa3@nature.com,Male,226.13.36.49
365,Blondie,Farmer,bfarmera4@aol.com,Female,146.60.83.103
366,Vannie,Simpkins,vsimpkinsa5@zimbio.com,Female,203.161.46.21
367,Elva,Upston,eupstona6@istockphoto.com,Female,42.19.249.71
368,Kincaid,Mathevet,kmatheveta7@youtube.com,Male,128.88.99.123
369,Roshelle,Giroldi,rgiroldia8@hao123.com,Female,167.114.88.22
370,Ralph,Shortin,rshortina9@baidu.com,Polygender,48.190.234.119
371,Darrel,Paulin,dpaulinaa@nps.gov,Male,205.65.158.221
372,Willyt,O'Doireidh,wodoireidhab@behance.net,Female,55.211.160.2
373,Monica,Growy,mgrowyac@usgs.gov,Female,74.166.167.204
374,Karlyn,Norwell,knorwellad@a8.net,Female,232.239.172.187
375,Cletus,Pither,cpitherae@pagesperso-orange.fr,Male,112.53.32.220
376,Nickey,Priel,nprielaf@home.pl,Polygender,116.65.7.151
377,Sunshine,O'Flannery,soflanneryag@indiegogo.com,Female,194.17.106.237
378,Lizette,Downage,ldownageah@microsoft.com,Female,20.65.191.83
379,Danit,Casiroli,dcasiroliai@elegantthemes.com,Female,253.23.77.129
380,Roxana,Dudson,rdudsonaj@ibm.com,Female,80.216.38.162
381,Marney,Richemond,mrichemondak@people.com.cn,Female,140.121.150.211
382,Pyotr,Pingstone,ppingstoneal@g.co,Male,254.122.26.153
383,Paule,Rubartelli,prubartelliam@360.cn,Bigender,245.160.46.234
384,Idaline,Lardeux,ilardeuxan@arizona.edu,Female,175.82.167.106
385,Ynes,Kupec,ykupecao@fotki.com,Agender,143.106.19.148
386,Carolyne,Brookwell,cbrookwellap@angelfire.com,Female,51.121.200.175
387,Babara,Noot,bnootaq@feedburner.com,Female,74.157.151.137
388,Ashla,Pattemore,apattemorear@si.edu,Female,177.12.85.214
389,Gene,Aldersea,galderseaas@wufoo.com,Female,163.145.209.26
390,Farris,Armes,farmesat@omniture.com,Male,130.133.254.231
391,Franny,Cankett,fcankettau@vinaora.com,Female,39.200.176.105
392,Radcliffe,Megarry,rmegarryav@ebay.com,Male,148.76.45.200
393,Garwood,McAster,gmcasteraw@webeden.co.uk,Male,109.6.82.231
394,Arlen,Greensides,agreensidesax@dagondesign.com,Female,154.58.69.184
395,Aloin,Murricanes,amurricanesay@netscape.com,Male,2.224.62.114
396,Nevil,Piller,npilleraz@google.ca,Male,31.130.80.92
397,Wilfrid,Ollcott,wollcottb0@icq.com,Male,161.225.136.92
398,Natale,Dumigan,ndumiganb1@hugedomains.com,Male,36.30.109.201
399,Roosevelt,Wrightam,rwrightamb2@gizmodo.com,Male,174.231.81.104
400,Griswold,Jakobsson,gjakobssonb3@rediff.com,Male,227.194.88.226
401,Shannon,Mold,smoldb4@npr.org,Male,219.96.123.204
402,Royce,Yardley,ryardleyb5@jalbum.net,Male,106.224.104.147
403,Jan,Vyel,jvyelb6@weibo.com,Male,253.233.51.184
404,Leora,Kindon,lkindonb7@aboutads.info,Female,31.22.204.102
405,Sol,Mounsey,smounseyb8@posterous.com,Male,107.115.109.36
406,Jerrilyn,Semrad,jsemradb9@odnoklassniki.ru,Female,39.90.83.121
407,Gabi,Hobgen,ghobgenba@live.com,Male,84.185.199.108
408,Fayth,Geertz,fgeertzbb@tripadvisor.com,Female,166.205.186.45
409,Barnett,Halshaw,bhalshawbc@dot.gov,Male,132.86.13.160
410,Rodrick,Forman,rformanbd@nifty.com,Male,186.170.131.217
411,Clayborne,Franklen,cfranklenbe@studiopress.com,Male,171.249.70.221
412,Kerianne,De Lacey,kdelaceybf@opensource.org,Female,112.208.206.225
413,Oates,Eymer,oeymerbg@nymag.com,Male,108.91.37.85
414,Bidget,Slipper,bslipperbh@live.com,Female,103.159.251.69
415,Bab,Wombwell,bwombwellbi@360.cn,Agender,8.25.215.85
416,Nessi,Jouaneton,njouanetonbj@cbsnews.com,Female,130.21.45.81
417,Magdaia,Ottey,motteybk@addthis.com,Female,160.228.47.151
418,Adelbert,Keel,akeelbl@merriam-webster.com,Male,206.156.246.226
419,Nikos,Tape,ntapebm@dmoz.org,Male,76.156.175.230
420,Sisile,Ismay,sismaybn@admin.ch,Female,38.148.227.234
421,Tabby,Carse,tcarsebo@taobao.com,Female,100.108.30.4
422,Kerrin,O'Noulane,konoulanebp@alibaba.com,Female,109.158.163.221
423,Shirley,McMurrugh,smcmurrughbq@exblog.jp,Female,174.35.124.42
424,Hastie,Lyard,hlyardbr@redcross.org,Male,204.39.51.139
425,Frieda,Mouat,fmouatbs@slideshare.net,Female,228.85.197.127
426,Creigh,Gieraths,cgierathsbt@theglobeandmail.com,Male,67.82.22.31
427,Dre,Attow,dattowbu@amazon.co.uk,Female,73.38.41.220
428,Ursula,Cantua,ucantuabv@mit.edu,Female,112.159.204.174
429,Palmer,Hanalan,phanalanbw@rambler.ru,Male,174.168.59.135
430,Torey,Titchmarsh,ttitchmarshbx@hubpages.com,Male,109.173.87.84
431,Elnore,Crilley,ecrilleyby@arstechnica.com,Female,124.97.22.126
432,Kenna,Saxby,ksaxbybz@nyu.edu,Female,172.57.178.178
433,Wiatt,Cullnean,wcullneanc0@alexa.com,Male,160.59.193.18
434,Rick,Labbett,rlabbettc1@squarespace.com,Non-binary,7.254.116.32
435,Janet,Maudlen,jmaudlenc2@google.cn,Female,222.55.157.111
436,Toby,Mechell,tmechellc3@slideshare.net,Male,85.255.185.95
437,Amii,Verbeke,averbekec4@foxnews.com,Female,7.65.97.50
438,Vincenty,Lambrick,vlambrickc5@123-reg.co.uk,Male,155.128.31.79
439,Les,Kew,lkewc6@slideshare.net,Male,158.154.176.115
440,Martynne,Culpin,mculpinc7@wix.com,Female,210.143.17.52
441,Bruce,Lavers,blaversc8@last.fm,Male,46.47.221.67
442,Lucy,Luckie,lluckiec9@mapy.cz,Female,129.43.229.41
443,Chrissie,Drinkwater,cdrinkwaterca@github.io,Female,123.61.54.100
444,Emmeline,Hindge,ehindgecb@dailymail.co.uk,Female,70.66.5.208
445,Clary,Owenson,cowensoncc@acquirethisname.com,Female,161.118.210.251
446,Roderigo,Bailess,rbailesscd@fema.gov,Male,136.0.233.255
447,Kimberley,O'Flaverty,koflavertyce@domainmarket.com,Genderfluid,0.71.196.9
448,Kessiah,Leebetter,kleebettercf@nationalgeographic.com,Female,175.128.230.190
449,Dorella,McPharlain,dmcpharlaincg@geocities.jp,Female,91.113.70.176
450,Darcie,Tremmil,dtremmilch@shutterfly.com,Non-binary,150.13.172.73
451,Ira,Drabble,idrabbleci@chronoengine.com,Male,52.228.50.199
452,Norry,Cuckoo,ncuckoocj@newyorker.com,Male,152.55.75.154
453,Robinett,Dyball,rdyballck@china.com.cn,Female,133.71.20.120
454,Torie,Goodby,tgoodbycl@reuters.com,Female,244.180.55.168
455,Tann,Ruste,trustecm@nyu.edu,Male,86.238.44.241
456,Barton,Dalrymple,bdalrymplecn@cyberchimps.com,Male,76.36.223.127
457,Tadio,McAllaster,tmcallasterco@i2i.jp,Male,190.57.103.77
458,Brnaby,Pinkerton,bpinkertoncp@uol.com.br,Male,202.111.25.170
459,Maurine,Corkitt,mcorkittcq@ft.com,Female,2.182.202.89
460,Rene,Margeram,rmargeramcr@histats.com,Female,213.80.172.76
461,Noel,Philpotts,nphilpottscs@mediafire.com,Female,162.236.12.13
462,Elmira,Galletly,egalletlyct@kickstarter.com,Female,69.128.247.67
463,Frederigo,Haddeston,fhaddestoncu@apache.org,Polygender,214.169.98.211
464,Claus,Pescud,cpescudcv@yellowbook.com,Male,13.189.107.158
465,Dalis,Assiratti,dassiratticw@mlb.com,Genderfluid,22.246.212.243
466,Andras,Piddington,apiddingtoncx@deviantart.com,Male,167.97.146.100
467,Broderic,Marks,bmarkscy@hugedomains.com,Male,47.145.178.187
468,Olenolin,Edmonston,oedmonstoncz@nsw.gov.au,Male,158.126.51.254
469,Sholom,Hassan,shassand0@businessweek.com,Male,89.168.65.221
470,Jerry,Keigher,jkeigherd1@nhs.uk,Female,191.94.225.169
471,Buffy,Stibbs,bstibbsd2@yahoo.com,Female,178.186.142.103
472,Port,Hayhoe,phayhoed3@fc2.com,Male,101.50.97.6
473,Chadwick,Point,cpointd4@live.com,Male,49.29.237.33
474,Naoma,Olyff,nolyffd5@dropbox.com,Female,205.219.14.50
475,Verla,Ditch,vditchd6@list-manage.com,Female,19.246.124.40
476,Kerry,Lammerding,klammerdingd7@jigsy.com,Female,211.11.125.254
477,Marlena,Yanyshev,myanyshevd8@baidu.com,Genderfluid,118.81.120.34
478,Faythe,Hauger,fhaugerd9@wix.com,Female,214.220.57.207
479,Bevan,Izakson,bizaksonda@bluehost.com,Polygender,188.51.186.69
480,Lari,Verbeke,lverbekedb@gnu.org,Female,23.193.58.28
481,Betta,Northen,bnorthendc@dell.com,Female,57.119.42.161
482,Jacquelyn,Eykelbosch,jeykelboschdd@independent.co.uk,Polygender,81.238.237.232
483,Milzie,Treadgold,mtreadgoldde@is.gd,Female,101.109.59.210
484,Gherardo,Moxsom,gmoxsomdf@livejournal.com,Male,209.57.17.219
485,Zechariah,Sidnall,zsidnalldg@gravatar.com,Male,191.144.200.233
486,Vanda,Scholar,vscholardh@forbes.com,Female,6.197.177.138
487,Lidia,Shew,lshewdi@harvard.edu,Female,221.119.150.85
488,Marnia,Messager,mmessagerdj@cbsnews.com,Female,200.123.9.89
489,Harrietta,Gasker,hgaskerdk@mac.com,Female,71.242.175.10
490,Orrin,Gillaspy,ogillaspydl@rakuten.co.jp,Male,27.228.17.20
491,Masha,Deadman,mdeadmandm@surveymonkey.com,Female,111.8.61.215
492,Braden,Rault,braultdn@shinystat.com,Male,212.98.102.125
493,Robena,Adkin,radkindo@odnoklassniki.ru,Female,196.134.107.91
494,Jesse,Minci,jmincidp@51.la,Male,37.73.119.218
495,Leeann,Stranio,lstraniodq@ucsd.edu,Female,59.38.39.164
496,Terese,Dulieu,tdulieudr@biblegateway.com,Female,36.204.46.80
497,Riki,Buzine,rbuzineds@wp.com,Female,196.84.22.140
498,Kermit,Gatland,kgatlanddt@parallels.com,Male,45.249.207.194
499,Rowney,Dowse,rdowsedu@storify.com,Male,42.89.178.83
500,Bud,Judd,bjudddv@homestead.com,Male,132.10.125.114
501,Launce,Kiddey,lkiddeydw@hugedomains.com,Male,33.149.45.246
502,Delmar,Willmott,dwillmottdx@google.co.uk,Male,35.89.22.211
503,Corliss,Carrier,ccarrierdy@indiatimes.com,Female,110.109.15.21
504,Corabel,Matyugin,cmatyugindz@clickbank.net,Female,194.18.100.241
505,Lisle,Gergus,lgerguse0@techcrunch.com,Male,4.120.95.237
506,Kirsti,Folland,kfollande1@sakura.ne.jp,Female,47.182.112.254
507,Dru,Gilfillan,dgilfillane2@infoseek.co.jp,Female,66.61.3.163
508,Bond,Bish,bbishe3@google.es,Male,58.122.193.144
509,Hunt,Aubry,haubrye4@photobucket.com,Non-binary,120.59.195.2
510,Kamillah,Adamovicz,kadamovicze5@mozilla.com,Female,89.207.229.81
511,Adams,Neller,anellere6@wp.com,Male,107.43.150.27
512,Athene,Castagne,acastagnee7@jimdo.com,Female,77.90.171.199
513,Udell,Foggo,ufoggoe8@yelp.com,Male,128.86.26.29
514,Rianon,Willis,rwillise9@google.es,Female,149.139.37.210
515,Allsun,Swithenby,aswithenbyea@mlb.com,Genderfluid,244.42.153.153
516,Walton,Tomaino,wtomainoeb@cloudflare.com,Male,180.93.76.118
517,Leo,Gosden,lgosdenec@nps.gov,Male,58.188.39.104
518,Simmonds,Wessel,swesseled@scribd.com,Male,78.32.18.234
519,Theodore,McPhilip,tmcphilipee@google.com.hk,Male,119.6.63.145
520,Wynn,Schoenrock,wschoenrockef@vinaora.com,Male,87.252.93.67
521,Agustin,Campanelle,acampanelleeg@lycos.com,Male,146.124.111.101
522,Madelyn,Fierro,mfierroeh@tamu.edu,Female,81.100.57.251
523,Dickie,Lindermann,dlindermannei@dyndns.org,Polygender,110.61.90.219
524,Maighdiln,Cromett,mcromettej@comsenz.com,Female,224.216.21.75
525,Josiah,MacCostye,jmaccostyeek@netvibes.com,Male,97.240.85.218
526,Kizzie,Cheverton,kchevertonel@foxnews.com,Female,14.106.224.76
527,Say,Cockrill,scockrillem@devhub.com,Male,214.119.198.247
528,Blinni,Valenti,bvalentien@altervista.org,Female,114.120.25.183
529,Christophorus,Frossell,cfrosselleo@slate.com,Male,228.86.248.126
530,Conrade,Spicer,cspicerep@xinhuanet.com,Male,20.168.192.147
531,Pietra,Burnard,pburnardeq@hao123.com,Female,165.149.241.180
532,Maris,Huske,mhuskeer@studiopress.com,Female,238.206.251.253
533,Tallie,Worham,tworhames@google.com,Female,233.45.206.227
534,Harrietta,Trim,htrimet@shop-pro.jp,Polygender,148.226.127.36
535,Goran,Seyffert,gseyfferteu@ycombinator.com,Male,254.44.94.169
536,Cyrill,Bertin,cbertinev@cnet.com,Male,81.66.97.142
537,Alex,Babe,ababeew@youku.com,Female,142.83.78.7
538,Cassius,Boddice,cboddiceex@shinystat.com,Bigender,17.24.189.73
539,Kennie,Kliement,kkliementey@exblog.jp,Male,215.208.99.142
540,William,Croyden,wcroydenez@imgur.com,Male,75.55.59.85
541,Gerhard,Brumby,gbrumbyf0@e-recht24.de,Male,169.27.206.71
542,Myrtie,Whittles,mwhittlesf1@google.com,Female,207.70.100.90
543,Faustine,Thompson,fthompsonf2@huffingtonpost.com,Female,117.18.119.204
544,Idaline,Langhorn,ilanghornf3@tinypic.com,Female,89.183.236.230
545,Woodman,Wyborn,wwybornf4@nhs.uk,Male,6.216.82.115
546,Madelina,Monnelly,mmonnellyf5@moonfruit.com,Female,36.185.8.130
547,Esme,Hughill,ehughillf6@a8.net,Female,196.96.53.77
548,Giraud,Ferroni,gferronif7@slideshare.net,Agender,114.23.131.17
549,Temp,Goford,tgofordf8@cbslocal.com,Male,218.81.197.155
550,Genni,Romayn,gromaynf9@scientificamerican.com,Female,130.201.225.219
551,Nevil,McIlory,nmciloryfa@ameblo.jp,Male,222.168.29.158
552,Karalynn,Muckle,kmucklefb@upenn.edu,Female,197.11.28.213
553,Diandra,Cogzell,dcogzellfc@sun.com,Female,70.79.94.157
554,Bart,Sturley,bsturleyfd@dot.gov,Male,131.150.46.177
555,Jenny,Loncaster,jloncasterfe@prnewswire.com,Female,9.132.3.100
556,Shannon,Cortnay,scortnayff@smugmug.com,Male,103.136.42.202
557,Maybelle,Burnyeat,mburnyeatfg@prnewswire.com,Female,146.180.37.3
558,Ronica,Rotherforth,rrotherforthfh@jalbum.net,Female,96.177.106.94
559,Hazel,Andryushin,handryushinfi@bloglines.com,Female,20.145.49.175
560,Gwynne,Stoate,gstoatefj@bluehost.com,Female,20.59.97.201
561,Shawn,Simioli,ssimiolifk@bluehost.com,Male,7.242.39.186
562,Maryl,Hobbert,mhobbertfl@quantcast.com,Female,216.214.193.198
563,Alick,Strangeway,astrangewayfm@soundcloud.com,Male,52.200.44.9
564,Blake,Voden,bvodenfn@cmu.edu,Male,31.103.44.68
565,Galen,Cappineer,gcappineerfo@theguardian.com,Male,161.22.14.81
566,Peri,Daglish,pdaglishfp@free.fr,Female,219.164.138.95
567,Alleyn,Reye,areyefq@myspace.com,Male,87.154.94.92
568,Bride,Davenell,bdavenellfr@51.la,Female,216.137.4.142
569,Ludovika,Hartshorne,lhartshornefs@mozilla.org,Female,114.233.88.63
570,Isabelita,Menelaws,imenelawsft@nymag.com,Female,241.23.182.148
571,Valenka,Gandar,vgandarfu@last.fm,Female,83.196.228.168
572,Hinze,Pitceathly,hpitceathlyfv@artisteer.com,Male,199.37.4.207
573,Jocko,Wateridge,jwateridgefw@homestead.com,Male,153.55.122.53
574,Carmelia,Lopes,clopesfx@pcworld.com,Female,57.47.157.208
575,Lannie,Danett,ldanettfy@scribd.com,Male,222.200.175.166
576,Neysa,Wilcockes,nwilcockesfz@princeton.edu,Female,221.236.128.170
577,Eugene,Leal,elealg0@yahoo.co.jp,Male,186.45.40.33
578,Hart,Wilcock,hwilcockg1@go.com,Genderfluid,137.74.214.87
579,Ashlie,Braemer,abraemerg2@bigcartel.com,Female,208.72.41.213
580,Darsey,Matityahu,dmatityahug3@github.io,Female,59.219.221.93
581,Hadleigh,Boag,hboagg4@squarespace.com,Male,16.40.205.250
582,Donnie,Alenov,dalenovg5@ycombinator.com,Male,39.10.156.230
583,Mary,Di Nisco,mdiniscog6@posterous.com,Female,31.137.11.5
584,Tandie,Espadas,tespadasg7@infoseek.co.jp,Female,36.227.96.64
585,Mickie,Corinton,mcorintong8@pen.io,Male,99.221.245.135
586,Guinevere,Cadigan,gcadigang9@bbc.co.uk,Female,234.123.236.112
587,Ashbey,Hassall,ahassallga@last.fm,Male,253.161.103.143
588,Clio,Ottery,cotterygb@networkadvertising.org,Female,97.188.224.24
589,Angie,Stockdale,astockdalegc@usgs.gov,Male,254.202.52.147
590,Fax,Cottie,fcottiegd@diigo.com,Male,180.110.64.78
591,Marissa,Harm,mharmge@cafepress.com,Female,60.163.197.251
592,Honoria,Symington,hsymingtongf@gov.uk,Female,30.109.53.253
593,Frants,Wyles,fwylesgg@arizona.edu,Male,102.227.50.50
594,Loreen,Cockle,lcocklegh@telegraph.co.uk,Female,95.152.83.190
595,Dickie,MacArd,dmacardgi@cpanel.net,Male,230.223.81.27
596,Heda,Cleyburn,hcleyburngj@japanpost.jp,Agender,208.178.164.151
597,Launce,Martland,lmartlandgk@oaic.gov.au,Male,148.37.112.171
598,Powell,Kinghorn,pkinghorngl@t-online.de,Male,34.171.67.187
599,Barnabe,Duplan,bduplangm@umich.edu,Male,13.35.161.142
600,Berti,Casotti,bcasottign@123-reg.co.uk,Non-binary,107.145.84.104
601,Dody,O'Shea,dosheago@angelfire.com,Bigender,198.63.221.56
602,Hugibert,Bewlie,hbewliegp@cmu.edu,Male,120.233.114.172
603,Keely,O'Corhane,kocorhanegq@pinterest.com,Female,72.60.9.191
604,Jephthah,Kantor,jkantorgr@skype.com,Male,100.166.198.44
605,Vicky,Frascone,vfrasconegs@gov.uk,Female,57.35.204.166
606,Arabel,Tomaschke,atomaschkegt@adobe.com,Female,21.79.61.92
607,Renard,Philippart,rphilippartgu@liveinternet.ru,Male,35.163.66.151
608,Ariana,Ducarne,aducarnegv@comsenz.com,Female,53.103.49.51
609,Hurlee,De Mico,hdemicogw@bloglovin.com,Male,56.41.158.226
610,Janot,Lowdes,jlowdesgx@acquirethisname.com,Female,192.163.64.173
611,Andy,Bendik,abendikgy@example.com,Male,163.212.77.150
612,Rolfe,Delcastel,rdelcastelgz@usnews.com,Male,255.217.242.159
613,Almire,Marchenko,amarchenkoh0@ehow.com,Female,181.196.21.176
614,Meaghan,Stabbins,mstabbinsh1@imdb.com,Female,253.130.57.102
615,Abbott,O'Hearn,aohearnh2@time.com,Male,167.151.156.173
616,Yance,Hatwells,yhatwellsh3@printfriendly.com,Male,4.106.242.176
617,Lonnie,Ubach,lubachh4@alibaba.com,Male,237.174.252.177
618,Alfonso,Jiranek,ajiranekh5@behance.net,Male,126.123.32.98
619,Marjory,Mimmack,mmimmackh6@xinhuanet.com,Female,91.21.127.47
620,Maximilien,Lantiffe,mlantiffeh7@spiegel.de,Male,234.219.172.187
621,Boniface,McChruiter,bmcchruiterh8@woothemes.com,Male,254.225.89.68
622,Beniamino,Norbury,bnorburyh9@cmu.edu,Male,108.118.120.130
623,Lucia,Elcom,lelcomha@bluehost.com,Female,152.253.22.61
624,Brice,Sprigging,bsprigginghb@washington.edu,Male,120.24.86.81
625,Dicky,Shellum,dshellumhc@plala.or.jp,Male,186.252.39.151
626,Essie,Powton,epowtonhd@deviantart.com,Female,36.237.6.88
627,Dicky,Plunket,dplunkethe@uiuc.edu,Male,226.207.189.131
628,Steffane,Voysey,svoyseyhf@whitehouse.gov,Female,68.27.122.219
629,Belicia,Davys,bdavyshg@bluehost.com,Female,98.174.237.164
630,Kevon,Houliston,khoulistonhh@netlog.com,Male,135.63.214.140
631,Kissee,Mains,kmainshi@blogspot.com,Female,155.124.196.173
632,Reggie,Mould,rmouldhj@google.ca,Male,144.209.170.190
633,Ulises,Davidi,udavidihk@rambler.ru,Male,52.19.240.135
634,Woodrow,Flowerdew,wflowerdewhl@springer.com,Male,6.219.251.239
635,Cam,Yves,cyveshm@xing.com,Female,175.231.33.123
636,Anni,Upfold,aupfoldhn@example.com,Female,137.80.86.242
637,Hewe,Mapes,hmapesho@umich.edu,Male,28.221.105.112
638,Lorelei,Goodrick,lgoodrickhp@studiopress.com,Female,92.222.211.155
639,Prudence,Smitham,psmithamhq@behance.net,Female,205.101.91.58
640,Hale,Aizikowitz,haizikowitzhr@dmoz.org,Genderfluid,100.144.196.32
641,Reta,Grimes,rgrimeshs@1688.com,Female,133.119.96.162
642,Spense,Geraldo,sgeraldoht@last.fm,Male,43.213.108.157
643,Wenda,Reimer,wreimerhu@soundcloud.com,Female,104.229.178.139
644,Dode,Ottewill,dottewillhv@fema.gov,Female,196.250.24.58
645,Rowney,Eastcourt,reastcourthw@hexun.com,Male,182.44.61.11
646,Nial,Ruggen,nruggenhx@bbb.org,Male,144.118.223.55
647,Jordain,Ludmann,jludmannhy@xrea.com,Agender,197.149.213.95
648,Valentina,Chanter,vchanterhz@phoca.cz,Female,26.92.92.226
649,Dorian,Shepperd,dshepperdi0@dell.com,Female,132.30.144.224
650,Arlan,Nottle,anottlei1@wikispaces.com,Male,11.113.104.118
651,Margaux,Jeannon,mjeannoni2@squidoo.com,Female,91.143.153.254
652,Bondie,Curless,bcurlessi3@xrea.com,Male,84.51.179.119
653,Gunilla,Grieves,ggrievesi4@guardian.co.uk,Female,113.85.141.174
654,Worthy,Dobel,wdobeli5@marketwatch.com,Male,151.31.165.70
655,Wylma,Allsobrook,wallsobrooki6@mozilla.org,Female,198.64.242.3
656,Hurlee,Luebbert,hluebberti7@china.com.cn,Male,65.217.159.221
657,Cindy,Westmoreland,cwestmorelandi8@archive.org,Genderqueer,129.154.218.152
658,Upton,Pidwell,upidwelli9@mozilla.org,Male,60.80.163.251
659,Aggie,Mainstone,amainstoneia@scientificamerican.com,Female,53.212.123.223
660,Julieta,Tropman,jtropmanib@wikia.com,Female,2.106.104.156
661,Vincenz,Wagge,vwaggeic@youtu.be,Male,224.114.196.188
662,Denys,Twidle,dtwidleid@answers.com,Male,217.188.19.179
663,Mikaela,Lochead,mlocheadie@hc360.com,Female,193.209.244.128
664,Mattheus,Oddy,moddyif@last.fm,Male,252.23.153.196
665,Olav,Mudge,omudgeig@google.es,Agender,88.230.188.155
666,Dorie,Medgewick,dmedgewickih@github.io,Bigender,192.9.38.1
667,Stanfield,Iacobo,siacoboii@quantcast.com,Male,108.239.171.161
668,Aron,Kiddy,akiddyij@blogtalkradio.com,Male,103.84.92.245
669,Kaycee,Smead,ksmeadik@addtoany.com,Genderqueer,126.78.66.116
670,Bridget,Bossingham,bbossinghamil@comcast.net,Genderqueer,141.136.162.245
671,Helenelizabeth,Ravenhill,hravenhillim@psu.edu,Female,128.238.5.180
672,Micheil,Fawdery,mfawderyin@youtu.be,Male,142.25.48.13
673,Lazare,Grevatt,lgrevattio@ask.com,Male,72.35.190.105
674,Eziechiele,Shallcrass,eshallcrassip@furl.net,Male,157.250.207.32
675,Crissie,Ceely,cceelyiq@networkadvertising.org,Female,23.230.28.83
676,Sebastiano,Scotchmor,sscotchmorir@imdb.com,Polygender,175.223.162.223
677,Demetri,Gallehock,dgallehockis@list-manage.com,Male,225.31.29.220
678,Betti,Eltone,beltoneit@jiathis.com,Female,41.202.46.235
679,Greg,Towne,gtowneiu@cbc.ca,Male,149.122.41.101
680,Tim,Wield,twieldiv@theatlantic.com,Male,32.188.214.214
681,Helenka,Berdale,hberdaleiw@about.com,Female,13.111.27.133
682,Claudetta,Chicchelli,cchicchelliix@washingtonpost.com,Genderqueer,220.96.10.191
683,Ann,Fildery,afilderyiy@yahoo.co.jp,Female,182.127.194.137
684,Merle,De Wolfe,mdewolfeiz@ihg.com,Female,114.194.144.20
685,Agnella,Vosper,avosperj0@vimeo.com,Bigender,15.66.251.58
686,Cherida,Ibbett,cibbettj1@chicagotribune.com,Female,226.145.88.68
687,Rene,Farenden,rfarendenj2@tiny.cc,Male,153.190.183.142
688,Cristen,Oxburgh,coxburghj3@theglobeandmail.com,Female,235.133.224.98
689,Christabel,Bunce,cbuncej4@examiner.com,Bigender,80.221.43.222
690,Griffin,Follit,gfollitj5@multiply.com,Male,8.26.11.45
691,Giralda,Bluschke,gbluschkej6@skype.com,Polygender,226.230.104.67
692,Giffard,Peacham,gpeachamj7@cpanel.net,Male,6.115.210.18
693,Ole,Cann,ocannj8@godaddy.com,Male,17.37.206.213
694,Urbano,Pinckstone,upinckstonej9@is.gd,Male,212.99.66.4
695,Sharia,Crickett,scrickettja@goodreads.com,Female,55.84.218.49
696,Devy,Bodycombe,dbodycombejb@nps.gov,Male,200.179.60.219
697,Ban,Adnam,badnamjc@51.la,Male,28.70.111.150
698,Chet,Pistol,cpistoljd@instagram.com,Male,189.165.103.47
699,Ardine,Barnham,abarnhamje@mit.edu,Female,156.50.192.217
700,Maurine,Ivers,miversjf@ebay.com,Female,204.103.182.30
701,Jacintha,Binns,jbinnsjg@bluehost.com,Female,154.133.97.27
702,Pansy,Harnett,pharnettjh@studiopress.com,Polygender,123.96.209.103
703,Reg,O'Sheerin,rosheerinji@alexa.com,Male,235.89.242.149
704,Vern,Hoult,vhoultjj@acquirethisname.com,Male,21.2.75.44
705,Ludwig,Bourne,lbournejk@forbes.com,Agender,71.170.150.214
706,Roxi,Flawith,rflawithjl@prlog.org,Female,253.187.168.186
707,Cello,Worsall,cworsalljm@youtube.com,Male,51.37.103.185
708,Viva,Neno,vnenojn@umich.edu,Female,87.62.173.132
709,Elysia,Aggus,eaggusjo@dell.com,Female,186.221.0.245
710,Cindra,Darque,cdarquejp@washingtonpost.com,Female,63.118.155.104
711,Wendall,Kitcat,wkitcatjq@dailymotion.com,Male,239.56.43.129
712,Bellanca,Curro,bcurrojr@engadget.com,Female,120.98.144.231
713,Eddie,Goundrill,egoundrilljs@newsvine.com,Male,62.47.177.138
714,Grethel,Brownell,gbrownelljt@woothemes.com,Female,165.14.50.70
715,Lucine,Ruppelin,lruppelinju@samsung.com,Female,61.56.137.167
716,Cris,Sedcole,csedcolejv@cisco.com,Non-binary,51.34.163.118
717,Salomone,Soutar,ssoutarjw@dropbox.com,Male,141.22.46.117
718,Haydon,Straneo,hstraneojx@redcross.org,Male,207.53.169.37
719,Tabb,Theakston,ttheakstonjy@guardian.co.uk,Male,251.92.206.115
720,Kelley,Climson,kclimsonjz@blogs.com,Male,59.244.98.207
721,Gloria,Smellie,gsmelliek0@amazon.de,Female,53.156.72.143
722,Anabel,Rookwell,arookwellk1@meetup.com,Female,152.244.66.176
723,Erma,Jeffs,ejeffsk2@networkadvertising.org,Female,251.154.181.121
724,Hyacinthe,Eilhertsen,heilhertsenk3@nba.com,Female,95.118.199.34
725,Freddie,Morratt,fmorrattk4@ftc.gov,Female,33.98.33.85
726,Izabel,Geach,igeachk5@gov.uk,Female,120.119.49.47
727,Juieta,Sharpous,jsharpousk6@nydailynews.com,Bigender,4.138.53.43
728,Alessandra,Nelm,anelmk7@tiny.cc,Female,148.30.48.231
729,Linet,Shera,lsherak8@auda.org.au,Female,139.214.223.204
730,Giovanni,Linning,glinningk9@chicagotribune.com,Male,252.48.234.244
731,Tallia,Braunes,tbrauneska@google.co.jp,Female,140.199.137.246
732,Bunny,Cowser,bcowserkb@blogs.com,Female,121.73.172.160
733,Lilias,Menci,lmencikc@arizona.edu,Female,72.49.157.180
734,Judd,Chiddy,jchiddykd@reddit.com,Male,244.213.203.149
735,Marlane,Polley,mpolleyke@dell.com,Female,187.192.24.134
736,Chelsea,Lomb,clombkf@shareasale.com,Female,72.235.160.171
737,Zolly,Elsdon,zelsdonkg@shareasale.com,Male,164.43.164.244
738,Marys,Macauley,mmacauleykh@is.gd,Female,202.214.107.214
739,Naoma,Lanmeid,nlanmeidki@bigcartel.com,Female,161.216.196.224
740,Guillemette,Yearnes,gyearneskj@edublogs.org,Female,220.12.124.172
741,Glenine,Glasman,gglasmankk@miitbeian.gov.cn,Female,152.91.107.102
742,Thea,Elizabeth,telizabethkl@howstuffworks.com,Female,155.147.221.153
743,Laney,Feechum,lfeechumkm@sphinn.com,Female,17.199.127.123
744,Arthur,Reiling,areilingkn@dailymail.co.uk,Male,245.163.212.53
745,Trenton,MacCaughan,tmaccaughanko@xrea.com,Male,71.209.40.52
746,Brose,Duckhouse,bduckhousekp@elegantthemes.com,Male,152.172.160.88
747,Beale,Godsil,bgodsilkq@techcrunch.com,Male,181.51.209.91
748,Juliann,MacPhaden,jmacphadenkr@networkadvertising.org,Female,71.161.219.30
749,Drugi,Decayette,ddecayetteks@sakura.ne.jp,Male,169.48.91.6
750,Lancelot,Wyrall,lwyrallkt@nsw.gov.au,Male,120.208.103.50
751,Hogan,Shewen,hshewenku@ebay.co.uk,Male,229.51.141.170
752,Fidelity,Moyles,fmoyleskv@i2i.jp,Agender,124.25.32.60
753,Cortney,Kropp,ckroppkw@reuters.com,Female,120.209.85.129
754,Jorrie,Lifton,jliftonkx@shareasale.com,Female,72.229.133.151
755,Felisha,Mynard,fmynardky@hc360.com,Female,94.22.211.242
756,Tressa,Ambroz,tambrozkz@auda.org.au,Female,29.128.72.57
757,Linc,Josilowski,ljosilowskil0@ebay.co.uk,Male,243.202.224.235
758,Erroll,Craker,ecrakerl1@microsoft.com,Male,194.231.77.73
759,Ned,McMenamin,nmcmenaminl2@sakura.ne.jp,Male,40.191.226.24
760,Emmalynn,Klementz,eklementzl3@freewebs.com,Genderqueer,61.38.78.17
761,Kermit,Spragge,kspraggel4@seattletimes.com,Male,160.231.1.133
762,Marissa,McPhelim,mmcpheliml5@mapy.cz,Female,57.85.97.9
763,Bing,Iianon,biianonl6@youku.com,Male,32.13.44.207
764,Gayler,Hischke,ghischkel7@weather.com,Male,23.55.12.218
765,Sigrid,Petruskevich,spetruskevichl8@samsung.com,Female,237.36.63.190
766,Aundrea,McCloch,amcclochl9@va.gov,Female,50.49.196.167
767,Tynan,Southeran,tsoutheranla@jalbum.net,Male,212.48.54.79
768,Ramsay,Garett,rgarettlb@zdnet.com,Non-binary,171.44.22.243
769,Ryan,Follacaro,rfollacarolc@booking.com,Genderfluid,20.82.2.36
770,Jedd,Dyzart,jdyzartld@google.fr,Male,41.189.246.61
771,Adolf,Symondson,asymondsonle@google.it,Male,76.40.25.211
772,Artemas,Janczewski,ajanczewskilf@dyndns.org,Male,226.242.53.148
773,Erie,Fosten,efostenlg@cafepress.com,Male,85.114.155.62
774,Zared,O'Connolly,zoconnollylh@zimbio.com,Male,71.35.141.59
775,Gwennie,Baxendale,gbaxendaleli@aol.com,Female,103.80.81.204
776,Valdemar,Aronovich,varonovichlj@imageshack.us,Male,213.103.98.18
777,Felix,Emer,femerlk@sciencedaily.com,Male,14.100.202.246
778,Lin,Stern,lsternll@cisco.com,Male,122.17.191.45
779,Anallise,McArte,amcartelm@goodreads.com,Female,116.106.130.41
780,Roslyn,Euels,reuelsln@discuz.net,Female,95.96.237.150
781,Mendie,Gibbin,mgibbinlo@flickr.com,Polygender,69.245.17.171
782,Dyann,Sallows,dsallowslp@spiegel.de,Female,22.207.151.122
783,Kingsly,Riggs,kriggslq@umn.edu,Male,92.28.62.243
784,Mirabel,Silversmidt,msilversmidtlr@zdnet.com,Female,196.64.147.134
785,Kori,Croke,kcrokels@wix.com,Female,13.245.90.195
786,Matthieu,Halfacree,mhalfacreelt@live.com,Male,183.5.186.41
787,Sigrid,Falls,sfallslu@dedecms.com,Female,115.231.6.130
788,Susanne,Swaysland,sswayslandlv@mapquest.com,Female,192.158.80.142
789,Greer,Probey,gprobeylw@go.com,Female,8.220.152.91
790,Hastie,Cosans,hcosanslx@sakura.ne.jp,Male,204.84.148.17
791,Godart,Jacox,gjacoxly@last.fm,Male,173.66.9.39
792,Ikey,Winkett,iwinkettlz@hp.com,Male,63.99.35.70
793,Glenn,O'Heyne,goheynem0@opera.com,Female,83.26.31.52
794,Geno,Burnsell,gburnsellm1@cnet.com,Genderqueer,26.129.192.134
795,Had,Nehl,hnehlm2@wunderground.com,Male,122.89.216.24
796,Pammi,Dunsleve,pdunslevem3@prweb.com,Female,172.92.16.101
797,Fields,McGreal,fmcgrealm4@ft.com,Male,106.188.78.223
798,Biron,Devinn,bdevinnm5@hao123.com,Male,140.43.53.11
799,Antoine,Clarae,aclaraem6@sphinn.com,Male,140.130.50.153
800,Christian,Ivanets,civanetsm7@cnbc.com,Female,84.157.135.238
801,Lucho,Jackman,ljackmanm8@mediafire.com,Male,35.125.254.202
802,Whitney,Siveyer,wsiveyerm9@senate.gov,Female,146.192.206.87
803,Kristo,MacKey,kmackeyma@devhub.com,Male,98.88.196.63
804,Chloe,Rye,cryemb@elpais.com,Female,185.144.81.88
805,Maxie,Tansly,mtanslymc@tuttocitta.it,Female,53.123.207.29
806,Joann,Merryweather,jmerryweathermd@vkontakte.ru,Female,92.22.43.75
807,Teador,Laugheran,tlaugheranme@discuz.net,Male,3.145.143.213
808,Abigale,Giblin,agiblinmf@opensource.org,Female,223.74.237.10
809,Yorker,Delves,ydelvesmg@sohu.com,Male,230.3.52.138
810,Dom,Bodechon,dbodechonmh@deliciousdays.com,Male,34.174.9.225
811,Victor,Spere,vsperemi@vistaprint.com,Male,152.145.255.133
812,Bette-ann,Cowdrey,bcowdreymj@bigcartel.com,Female,128.156.147.129
813,Jonie,Syphas,jsyphasmk@youku.com,Female,210.110.0.84
814,Zebedee,Heape,zheapeml@mapquest.com,Male,116.2.188.61
815,Shurlocke,Skene,sskenemm@phpbb.com,Male,226.107.137.138
816,Lee,Heathorn,lheathornmn@friendfeed.com,Bigender,240.133.182.153
817,Barret,Tirrey,btirreymo@digg.com,Male,116.197.244.79
818,Daloris,Priest,dpriestmp@mit.edu,Female,222.78.102.248
819,Aksel,McKilroe,amckilroemq@weibo.com,Genderqueer,137.239.46.168
820,Giff,Rudledge,grudledgemr@ocn.ne.jp,Male,182.66.176.176
821,Angelle,Foley,afoleyms@timesonline.co.uk,Female,174.24.54.118
822,Abner,Elsmore,aelsmoremt@tripadvisor.com,Male,94.211.156.135
823,Amye,Klampk,aklampkmu@about.com,Female,228.46.180.123
824,Chery,Brownill,cbrownillmv@narod.ru,Female,191.205.241.105
825,Pauly,Preator,ppreatormw@altervista.org,Male,117.109.39.195
826,Boot,Catterick,bcatterickmx@cocolog-nifty.com,Male,24.175.146.145
827,Max,Lewsy,mlewsymy@a8.net,Female,243.251.101.39
828,Hayyim,Symmons,hsymmonsmz@foxnews.com,Male,88.117.115.145
829,Gerrie,Ohm,gohmn0@linkedin.com,Female,101.35.184.123
830,Ofelia,Joel,ojoeln1@zimbio.com,Female,5.149.254.205
831,Luella,Griggs,lgriggsn2@toplist.cz,Genderfluid,122.27.253.224
832,Joaquin,Franciskiewicz,jfranciskiewiczn3@amazon.com,Male,16.53.49.94
833,Maia,Goadsby,mgoadsbyn4@yolasite.com,Female,183.147.108.193
834,Leonid,Danaher,ldanahern5@abc.net.au,Male,98.214.148.10
835,Skippy,Kincade,skincaden6@narod.ru,Male,179.248.53.70
836,Yevette,Jaeggi,yjaeggin7@plala.or.jp,Female,84.58.103.120
837,Stanly,Farreil,sfarreiln8@indiatimes.com,Male,53.18.59.131
838,Claudius,Hull,chulln9@feedburner.com,Male,252.210.61.118
839,Morris,Mogie,mmogiena@godaddy.com,Male,82.138.196.93
840,Sonya,Nizard,snizardnb@ibm.com,Agender,113.52.163.112
841,Valentina,Lakes,vlakesnc@g.co,Female,117.234.64.18
842,Zak,Mickelwright,zmickelwrightnd@google.ca,Male,7.130.120.88
843,Kania,McClymond,kmcclymondne@army.mil,Agender,182.135.85.40
844,Giuditta,Carnihan,gcarnihannf@slashdot.org,Female,13.19.162.169
845,Rachael,Lathom,rlathomng@acquirethisname.com,Female,145.141.148.166
846,Nerita,Gooly,ngoolynh@a8.net,Female,142.83.243.13
847,Fan,Oda,fodani@fastcompany.com,Female,137.173.40.242
848,Kaylyn,Goshawke,kgoshawkenj@a8.net,Female,101.141.194.61
849,Sandie,Segrott,ssegrottnk@edublogs.org,Agender,41.255.98.223
850,Alfonso,Cherry,acherrynl@google.it,Male,113.250.198.216
851,Francesca,Palfrie,fpalfrienm@si.edu,Female,197.48.178.236
852,Augustin,Ropars,aroparsnn@archive.org,Genderqueer,223.208.160.32
853,Reynolds,Hubbucke,rhubbuckeno@usa.gov,Male,95.40.245.219
854,Mikael,Marrison,mmarrisonnp@wunderground.com,Male,41.93.19.124
855,Constantin,Enns,cennsnq@dyndns.org,Male,241.19.101.145
856,Avie,Ainsley,aainsleynr@opera.com,Female,19.224.102.106
857,Duncan,Raffon,draffonns@ustream.tv,Male,2.126.55.244
858,Dusty,Midghall,dmidghallnt@plala.or.jp,Female,168.135.47.136
859,Justin,Zammett,jzammettnu@nydailynews.com,Male,250.82.24.23
860,Gustavus,Stonard,gstonardnv@harvard.edu,Male,117.177.139.140
861,Farley,McLurg,fmclurgnw@marketwatch.com,Genderfluid,11.96.93.205
862,Gan,Jee,gjeenx@nps.gov,Male,181.81.229.6
863,Ax,Smickle,asmickleny@163.com,Male,168.239.251.78
864,Maitilde,Johananov,mjohananovnz@salon.com,Female,238.222.72.76
865,Erina,Jays,ejayso0@addtoany.com,Female,160.181.50.74
866,Laureen,Mityashev,lmityashevo1@tripadvisor.com,Female,138.159.235.217
867,Byron,Larcher,blarchero2@a8.net,Male,136.64.101.39
868,Doro,Daniell,ddaniello3@xing.com,Female,228.73.6.238
869,Melesa,Wiz,mwizo4@psu.edu,Female,166.43.124.232
870,Rodrigo,Dullard,rdullardo5@blogspot.com,Male,123.144.124.154
871,Mathew,Jobin,mjobino6@gov.uk,Male,10.27.250.64
872,Bondon,Risen,briseno7@gravatar.com,Bigender,131.17.68.8
873,Brandie,Macconachy,bmacconachyo8@bbc.co.uk,Female,112.133.246.86
874,Irwin,Postill,ipostillo9@ibm.com,Polygender,34.229.231.199
875,Kit,Devennie,kdevennieoa@csmonitor.com,Female,25.72.209.154
876,Wilona,Simonsson,wsimonssonob@vimeo.com,Female,80.157.106.220
877,Normand,Dand,ndandoc@sbwire.com,Male,108.39.3.196
878,Lou,Clare,lclareod@purevolume.com,Agender,70.92.107.47
879,Carlo,Polfer,cpolferoe@boston.com,Male,111.162.117.171
880,Cyrillus,Dee,cdeeof@bandcamp.com,Male,106.116.206.198
881,Valdemar,Stannion,vstannionog@admin.ch,Male,92.113.98.15
882,Suzanne,Wyer,swyeroh@wordpress.org,Female,0.137.81.237
883,Kim,Batcock,kbatcockoi@cbc.ca,Female,243.94.125.248
884,Loren,Christoffels,lchristoffelsoj@csmonitor.com,Female,228.185.35.42
885,Roxie,Hurleston,rhurlestonok@tripadvisor.com,Female,230.182.138.157
886,Nollie,Dron,ndronol@go.com,Male,202.186.101.89
887,Constantino,Nassey,cnasseyom@umn.edu,Male,247.249.177.147
888,Ag,Chazette,achazetteon@wired.com,Genderfluid,240.169.115.222
889,Dehlia,Sarfas,dsarfasoo@last.fm,Female,19.122.229.217
890,Ber,Cleare,bcleareop@loc.gov,Male,110.7.236.227
891,Lon,Hanway,lhanwayoq@qq.com,Male,251.128.138.60
892,Phillis,Butterick,pbutterickor@prnewswire.com,Genderqueer,251.14.36.195
893,Benjamen,Tatters,btattersos@multiply.com,Male,238.92.38.185
894,Mariana,Adderley,madderleyot@narod.ru,Female,31.136.202.241
895,Zebedee,Bartalini,zbartaliniou@so-net.ne.jp,Non-binary,221.130.237.31
896,Chan,Mytton,cmyttonov@auda.org.au,Agender,243.203.13.167
897,Caryl,Bushell,cbushellow@java.com,Male,113.201.182.3
898,Malcolm,Ritchie,mritchieox@spotify.com,Male,22.108.134.229
899,Hunter,Confort,hconfortoy@nasa.gov,Male,81.20.142.217
900,Juanita,Cockshot,jcockshotoz@alibaba.com,Bigender,22.72.174.142
901,Harrie,Andell,handellp0@cbslocal.com,Female,214.78.213.120
902,Misty,Poncet,mponcetp1@omniture.com,Female,43.159.125.70
903,Nanon,Kiddy,nkiddyp2@php.net,Female,3.90.113.89
904,Isaac,Lamartine,ilamartinep3@yellowbook.com,Male,150.216.28.155
905,Tobe,McGroarty,tmcgroartyp4@friendfeed.com,Polygender,99.78.131.231
906,Moe,Quarlis,mquarlisp5@kickstarter.com,Male,107.155.93.82
907,Frederich,Bloxham,fbloxhamp6@themeforest.net,Male,16.24.203.63
908,Darda,McGinty,dmcgintyp7@buzzfeed.com,Female,128.30.23.200
909,Adham,Partleton,apartletonp8@plala.or.jp,Male,242.65.236.125
910,Oneida,Antram,oantramp9@blinklist.com,Female,242.228.185.237
911,Jarid,Ricker,jrickerpa@wikimedia.org,Male,179.176.30.247
912,Bellanca,Rentalll,brentalllpb@storify.com,Female,170.62.139.207
913,Howie,Attkins,hattkinspc@fema.gov,Male,164.49.182.93
914,Ferdie,Vasyushkhin,fvasyushkhinpd@blogtalkradio.com,Male,9.56.244.13
915,Cariotta,Waddicor,cwaddicorpe@comsenz.com,Female,99.240.20.186
916,Halie,Scathard,hscathardpf@prlog.org,Female,255.92.210.28
917,Deck,Baughen,dbaughenpg@naver.com,Male,166.14.195.18
918,Caldwell,Fleay,cfleayph@narod.ru,Male,93.230.41.94
919,Estella,Skayman,eskaymanpi@fda.gov,Female,155.186.133.171
920,Nichols,Kensall,nkensallpj@springer.com,Male,145.76.78.192
921,Chiarra,Robbe,crobbepk@php.net,Female,246.2.193.161
922,Gardie,O'Doohaine,godoohainepl@tamu.edu,Male,102.106.114.134
923,Kristoforo,Cambling,kcamblingpm@nyu.edu,Male,202.4.14.2
924,Washington,Hatley,whatleypn@example.com,Male,145.241.155.19
925,Roberto,Northway,rnorthwaypo@technorati.com,Male,162.65.195.183
926,Hettie,Bax,hbaxpp@paginegialle.it,Female,29.245.18.106
927,Barth,Bevar,bbevarpq@dmoz.org,Male,165.220.13.144
928,Louise,Radolf,lradolfpr@goo.ne.jp,Female,163.82.76.227
929,Dukie,Duferie,dduferieps@ucoz.ru,Male,103.235.172.35
930,Barbette,Rooksby,brooksbypt@netscape.com,Female,167.99.12.87
931,Muffin,Shrimptone,mshrimptonepu@dailymail.co.uk,Female,205.137.60.216
932,Brenda,Wankling,bwanklingpv@scientificamerican.com,Female,253.217.10.127
933,Colette,Narraway,cnarrawaypw@army.mil,Female,49.28.253.215
934,Katine,Wedmore,kwedmorepx@sourceforge.net,Female,97.207.130.100
935,Caprice,Ancliffe,cancliffepy@csmonitor.com,Female,58.105.226.235
936,Ephraim,Cracker,ecrackerpz@smugmug.com,Male,71.113.185.107
937,Gunar,Tipper,gtipperq0@webs.com,Male,120.120.127.158
938,Annamarie,Getley,agetleyq1@ning.com,Female,89.55.89.117
939,Morton,Trimmell,mtrimmellq2@fastcompany.com,Male,81.215.97.106
940,Mechelle,Oldall,moldallq3@sciencedirect.com,Female,60.60.253.160
941,Silvan,Scrimshire,sscrimshireq4@jalbum.net,Male,108.64.211.103
942,Rosalind,Scotting,rscottingq5@people.com.cn,Female,255.226.218.144
943,Averell,Cragoe,acragoeq6@odnoklassniki.ru,Male,179.245.249.87
944,Brocky,Huot,bhuotq7@pen.io,Male,98.99.210.252
945,Zackariah,Ingley,zingleyq8@surveymonkey.com,Agender,11.52.48.183
946,Joachim,Poker,jpokerq9@soup.io,Male,189.140.30.121
947,Miller,Cowlard,mcowlardqa@msn.com,Male,215.219.183.98
948,Gordon,Goforth,ggoforthqb@shareasale.com,Male,229.10.94.69
949,Gill,Vidineev,gvidineevqc@msu.edu,Male,238.9.62.228
950,Esmaria,Attack,eattackqd@oakley.com,Female,103.191.58.1
951,Brian,Frith,bfrithqe@home.pl,Male,44.145.243.130
952,Flossie,Woolston,fwoolstonqf@slideshare.net,Female,24.236.226.179
953,Kalina,Vise,kviseqg@bandcamp.com,Female,35.201.198.64
954,Der,Andrin,dandrinqh@github.io,Male,221.42.12.137
955,Marcile,Beaten,mbeatenqi@exblog.jp,Female,117.85.88.24
956,Osbourn,Birdwhistle,obirdwhistleqj@ning.com,Male,206.141.12.74
957,Yoshi,Dutteridge,ydutteridgeqk@nsw.gov.au,Female,131.0.146.21
958,Chantalle,Conradie,cconradieql@skyrock.com,Female,230.159.190.223
959,Tersina,Raoult,traoultqm@mac.com,Female,147.12.148.54
960,Ceil,Du Plantier,cduplantierqn@twitpic.com,Female,164.71.14.200
961,Moises,Beebe,mbeebeqo@chicagotribune.com,Polygender,49.150.170.188
962,Philippa,MacDwyer,pmacdwyerqp@baidu.com,Female,190.233.96.168
963,Jephthah,Bardey,jbardeyqq@chron.com,Male,13.8.64.141
964,Emmye,Satterley,esatterleyqr@msn.com,Female,254.241.39.69
965,Cory,Nicolson,cnicolsonqs@tinyurl.com,Female,200.223.117.35
966,Crysta,Bernardoux,cbernardouxqt@edublogs.org,Female,224.147.165.234
967,Ernesta,Tonks,etonksqu@histats.com,Female,239.106.161.36
968,Cathryn,Degoix,cdegoixqv@google.co.uk,Female,205.27.205.137
969,Mitch,Vassie,mvassieqw@ameblo.jp,Male,104.133.136.208
970,Hillel,MacCallum,hmaccallumqx@plala.or.jp,Non-binary,161.156.70.136
971,Kane,Aveyard,kaveyardqy@thetimes.co.uk,Male,142.39.124.49
972,Cairistiona,Glencross,cglencrossqz@skype.com,Polygender,148.237.226.131
973,Lenore,Stabbins,lstabbinsr0@themeforest.net,Female,214.205.245.69
974,Dorolisa,Grainge,dgrainger1@surveymonkey.com,Female,135.8.244.29
975,Renaud,Sieghard,rsieghardr2@chronoengine.com,Male,209.41.238.204
976,Rosalinda,Staries,rstariesr3@whitehouse.gov,Female,255.172.180.139
977,Staci,Posselwhite,sposselwhiter4@deviantart.com,Agender,67.90.12.181
978,Lola,Corstorphine,lcorstorphiner5@unesco.org,Female,132.37.126.31
979,Dosi,Goodbourn,dgoodbournr6@amazon.com,Female,220.44.231.111
980,Jeramie,Dunleavy,jdunleavyr7@storify.com,Male,219.233.13.180
981,Jessamyn,Hymor,jhymorr8@prnewswire.com,Female,61.66.229.24
982,Devonna,McLane,dmclaner9@ask.com,Female,194.110.249.106
983,Rhett,Hagley,rhagleyra@nps.gov,Male,186.153.57.169
984,Hershel,Adamolli,hadamollirb@comcast.net,Male,154.225.104.140
985,Moira,Holt,mholtrc@cmu.edu,Female,192.173.165.152
986,Mada,Couroy,mcouroyrd@rambler.ru,Female,34.50.48.247
987,Ingar,Lafoy,ilafoyre@upenn.edu,Male,192.135.138.221
988,Stinky,Sneller,ssnellerrf@4shared.com,Male,176.121.193.254
989,Camila,Gini,cginirg@jiathis.com,Female,255.99.167.205
990,Joan,Clementucci,jclementuccirh@hud.gov,Agender,75.135.19.160
991,Jacki,Dinnington,jdinningtonri@weebly.com,Female,90.204.66.88
992,Archy,Duiguid,aduiguidrj@blog.com,Male,219.198.186.191
993,Hildegaard,Kuhle,hkuhlerk@cloudflare.com,Female,107.181.172.100
994,Coral,Harg,chargrl@smugmug.com,Female,41.67.184.23
995,Oswald,Dignall,odignallrm@weebly.com,Male,125.108.0.45
996,Alli,Ebunoluwa,aebunoluwarn@google.fr,Female,131.251.27.160
997,Evelin,Nore,enorero@sciencedaily.com,Male,174.201.110.64
998,Neill,Gasking,ngaskingrp@elegantthemes.com,Male,208.166.176.255
999,Rem,Bruno,rbrunorq@weebly.com,Male,43.44.221.168
1000,Alejandra,Rylance,arylancerr@seesaa.net,Female,214.147.242.117
